Date,Elevation (m),Soil Type,Slope Gradient (%),Temperature (Â°C),Rainfall (mm),Humidity (%),Forest Cover (%),Species Count,Endangered Species (Count),Groundwater Level (m),Surface Water Quality Index,Water Demand (MLD),Urban Area (%),Agricultural Land (%),Industrial Area (%),Flood Risk Level,Earthquake Intensity (Richter),Disaster Preparedness Index,AQI,Water Pollution Index,Waste Generation (tons/day),Population,Employment Rate (%),Policy Initiatives
1/1/2024,256.54,Alluvial,4.43,35.8,2,81.4,Forest Cover (%),188,5,23.24,89.9,119.6,44.1,33.9,16.3,High,3.4,0.55,213,61.3,357.8,127542,78.5,No
1/2/2024,251.76,Loamy,2.8,10.6,0,88.1,Forest Cover (%),177,5,21.4,80.5,94.6,40.6,32.2,17.5,Medium,3.2,0.76,234,50.2,370.8,125808,66.3,Yes
1/3/2024,259.52,Loamy,3.89,20,1,66.1,Forest Cover (%),152,3,20.01,85.7,102,41.2,34.8,19.4,Medium,4,0.7,160,65.2,359.9,124349,84.7,Yes
1/4/2024,251.43,Alluvial,4.53,32.1,0,59.9,Forest Cover (%),171,4,23.63,65.8,117,43.4,34.7,18.7,High,3.2,0.7,200,54.8,344.8,127098,75.9,Yes
1/5/2024,251.43,Alluvial,4.09,29.4,50,65.8,Forest Cover (%),154,4,16.62,75.7,104,44.1,34.7,19.9,Low,3.3,0.67,153,52.3,385.3,124494,68.6,No
1/6/2024,252.21,Sandy,3.31,32.6,5,87.1,Forest Cover (%),169,3,24.61,85.9,91.3,40.8,34.7,17.8,Medium,3.4,0.54,221,75.7,305.8,124287,67.1,Yes
1/7/2024,255.85,Alluvial,4.69,13.1,10,56.8,Forest Cover (%),174,3,23.83,68,81,42.2,31.3,17.2,Low,3.8,0.69,186,57.3,383.2,128300,78.2,No
1/8/2024,250.41,Alluvial,3.53,39.8,10,47.2,Forest Cover (%),155,3,24.93,81.2,116.6,41.8,30,18.7,High,4.6,0.65,119,63.9,379.5,122846,73.4,Yes
1/9/2024,255.57,Sandy,3.27,15.9,10,49.8,Forest Cover (%),156,3,19.8,73.8,102.9,41,31.3,18.6,Medium,3.9,0.51,155,55.2,390.6,128867,72.9,Yes
1/10/2024,255.73,Sandy,3.47,28.7,5,30.6,Forest Cover (%),198,3,24.19,71.7,80.5,40.7,30.6,19.2,Medium,3.8,0.57,235,71.2,316.3,122583,75.4,Yes
1/11/2024,253.37,Loamy,4.24,29,5,84.3,Forest Cover (%),198,3,22.61,84.2,117.5,43.2,31.4,19.4,Medium,4.7,0.52,211,69.3,348.8,128376,76.7,Yes
1/12/2024,250.37,Clayey,3.8,41.1,2,82.1,Forest Cover (%),176,5,16.14,65,99.6,41.9,31.2,17.8,Low,4.4,0.63,227,77.5,350.2,123614,72,No
1/13/2024,256.81,Sandy,4.83,29.3,0,51.1,Forest Cover (%),162,4,18.45,61.8,87.1,44.3,33,17.8,High,3.1,0.63,122,61.9,350.4,125893,78.7,Yes
1/14/2024,252.63,Sandy,4.59,16.8,0,77.3,Forest Cover (%),157,5,19.56,68.6,97.5,42.6,32.1,16,Low,3.1,0.75,245,71.7,366.5,121524,78,Yes
1/15/2024,251.34,Alluvial,2.18,31.3,0,89.7,Forest Cover (%),185,3,21.51,76.8,90.3,40.3,34.7,16.9,Medium,4.3,0.53,222,58.1,398.7,126846,72.3,No
1/16/2024,255.06,Sandy,4.84,38.7,10,74.4,Forest Cover (%),194,3,15.86,82.7,111.8,40,32.6,16.5,Low,4.7,0.77,146,58.5,338.3,129945,81.2,Yes
1/17/2024,259.64,Clayey,2.83,8.6,2,81.9,Forest Cover (%),180,4,15.83,67.8,99.7,43,33.8,17.3,High,4.6,0.68,124,51,305,126793,68,Yes
1/18/2024,257.2,Sandy,4.2,11,1,70.3,Forest Cover (%),199,4,23.18,86.1,91.3,41,31.6,15.3,Medium,3.9,0.69,155,75.3,392.8,123521,74.7,No
1/19/2024,255.25,Alluvial,3.25,20.8,2,39.7,Forest Cover (%),199,3,16.28,75.9,106.3,41.7,30.6,19.1,High,4.1,0.79,166,75.9,310.3,122464,66.5,No
1/20/2024,256.37,Clayey,2.79,25.3,2,70.6,Forest Cover (%),171,5,24.28,76.8,118,42.6,32.6,16.4,High,4.6,0.66,104,71.6,316,124231,82.9,No
1/21/2024,258.11,Alluvial,4.46,30.2,0,51.8,Forest Cover (%),198,5,18.58,85.3,83.3,44,32.8,17.1,Low,3.9,0.62,201,74,325.3,124775,77.7,No
1/22/2024,258.96,Loamy,4.43,9.3,50,44.1,Forest Cover (%),158,4,22.69,88.7,86.4,42.3,30.5,15.4,High,3.6,0.77,148,71.9,390.9,127766,71.7,Yes
1/23/2024,251.62,Alluvial,2.75,34.7,20,81.6,Forest Cover (%),174,4,20.86,81.7,92,43.8,33.8,19.5,High,4.4,0.78,105,69.6,352.9,122007,81.7,Yes
1/24/2024,251.8,Sandy,4.22,31.7,50,85.4,Forest Cover (%),198,4,18.16,64,97.7,42.8,31.4,18,Medium,3,0.5,247,52,357.3,125470,73.4,Yes
1/25/2024,254.39,Loamy,4.97,17.4,0,36.3,Forest Cover (%),160,4,22.33,69.1,111.2,41.4,34.9,15.8,Low,3.4,0.73,190,69.4,334.5,127295,84.1,No
1/26/2024,251.46,Loamy,2.02,27.5,1,88.2,Forest Cover (%),160,4,21.13,87,101.5,40.4,33.9,17.4,Low,4.9,0.68,160,79.2,314.3,121204,74,No
1/27/2024,257.51,Alluvial,3.45,39.9,10,51.6,Forest Cover (%),162,5,18.34,86,113.8,41.6,30.9,16.8,High,4.3,0.6,210,50.7,380.6,120557,73.4,Yes
1/28/2024,254.48,Sandy,4.58,11.6,10,71.7,Forest Cover (%),156,5,24.06,73.6,117.6,44.4,30.8,15.7,Medium,4.5,0.71,226,74.1,301,126478,76.5,No
1/29/2024,251.93,Sandy,3.78,26.7,2,55.6,Forest Cover (%),170,5,16.52,61.1,111.8,43.7,32.1,17.6,High,3.8,0.6,142,71.6,397.9,126310,82.5,Yes
1/30/2024,259.01,Alluvial,4.54,31,20,89.7,Forest Cover (%),184,3,23.82,88.5,91.2,43.3,33.8,17.5,Low,3.2,0.55,130,54.7,331.1,127336,78.8,Yes
1/31/2024,258.19,Alluvial,4.22,37.7,2,81.9,Forest Cover (%),178,4,23.67,81.9,86.3,40.5,31.4,19.5,Low,3.4,0.5,124,72.4,314,125805,76.8,No
2/1/2024,251.49,Sandy,4.33,23.3,0,74.4,Forest Cover (%),160,4,22.02,77.6,85,44.1,34.9,19.5,Medium,4.9,0.66,113,74,309.4,125197,82,Yes
2/2/2024,258.57,Sandy,3.81,28.7,1,51.6,Forest Cover (%),196,4,15.58,75.7,107.6,44.5,30.8,19.8,Low,3,0.79,217,73.5,343.2,127053,72.3,Yes
2/3/2024,254.32,Sandy,2.93,31.6,20,49.2,Forest Cover (%),157,3,21.73,68.5,80.1,43.4,31.1,15.8,High,3.6,0.53,249,76.9,302.9,120408,84.5,No
2/4/2024,257.67,Sandy,3.46,35.8,1,82.4,Forest Cover (%),185,3,21.6,87.8,118.8,44.4,33.1,15.1,Medium,4.1,0.51,214,71,304.7,122629,65.4,Yes
2/5/2024,258.81,Alluvial,2.85,20.9,1,33.2,Forest Cover (%),175,3,18.98,81.4,105.8,43.4,30.4,18,High,3.9,0.77,103,79,329.1,129858,69.6,No
2/6/2024,252.18,Sandy,2.9,34.2,20,85,Forest Cover (%),163,4,21.92,84.9,88.2,40.1,33.2,19.7,Medium,3.4,0.51,218,70.5,367.1,121484,75.2,No
2/7/2024,258.1,Loamy,3.68,27.1,50,57.2,Forest Cover (%),183,4,22.49,74.2,80.1,40.9,31.9,17.3,Low,4.6,0.55,117,60.2,332.1,120377,72.5,Yes
2/8/2024,250.42,Alluvial,3.54,41,10,54.5,Forest Cover (%),191,3,16.9,80.8,106.3,40.7,30.8,16.8,Low,4.1,0.75,245,62.3,305.3,129064,78.9,Yes
2/9/2024,254.43,Sandy,2.36,27,2,41.8,Forest Cover (%),191,3,19.36,60.2,80.8,43.8,32.7,18.8,Medium,3.1,0.55,151,73.9,353.5,123051,68.6,Yes
2/10/2024,251.56,Sandy,2.39,16.8,2,44.2,Forest Cover (%),178,5,20.3,62.4,84.6,44.7,31.7,18.2,High,5,0.51,163,66.8,397.6,122198,68.9,Yes
2/11/2024,259.38,Clayey,3.97,10.1,20,59.4,Forest Cover (%),195,3,22.3,65.4,103.8,43.1,31.7,15.8,Medium,4,0.64,188,65.6,353.5,120166,83.3,Yes
2/12/2024,250.27,Clayey,4.9,13.2,5,88.3,Forest Cover (%),182,4,16.61,60.8,88.3,40.8,31.5,19.1,Medium,3.4,0.78,137,76,301.6,129886,83.4,No
2/13/2024,251.4,Loamy,4.88,29.4,50,36.2,Forest Cover (%),195,5,22.54,67.9,102.5,44.3,30.5,15.6,Low,3.8,0.61,103,52.7,389.8,121829,68.9,Yes
2/14/2024,254.74,Clayey,2.49,36.7,0,38.3,Forest Cover (%),197,5,18.55,70.2,98.2,42.2,32,16.2,High,4.3,0.54,244,67.3,367.8,122942,78.4,No
2/15/2024,254.23,Loamy,3.42,22.7,5,66.1,Forest Cover (%),172,5,16.68,63.8,106.1,44.2,34.1,19.3,Medium,4.3,0.79,101,58.2,338.2,129513,80.2,No
2/16/2024,250.75,Loamy,3.3,13.5,2,54.8,Forest Cover (%),184,5,18.07,75,99.5,43.3,33.1,16.5,Low,4.3,0.75,126,57.9,393.3,123687,78.4,No
2/17/2024,253.25,Loamy,3.38,41.8,1,52,Forest Cover (%),170,4,15.33,66.8,101.2,40.2,34.5,16.5,High,4.8,0.54,129,79.6,332.4,127078,80.9,Yes
2/18/2024,258.14,Alluvial,2.26,10.3,50,42.8,Forest Cover (%),152,3,21.77,66.4,81.8,44.7,32.7,15.4,Medium,4.7,0.51,126,71.7,345.2,127389,79.9,Yes
2/19/2024,251.5,Loamy,3.37,13.4,50,77.9,Forest Cover (%),177,4,17.88,64.6,81.1,43.9,30.9,16.3,Low,3.9,0.67,193,78.6,330.7,127276,65.2,No
2/20/2024,256.49,Alluvial,3.96,14.4,1,35.4,Forest Cover (%),168,5,22.88,67.4,116.5,42,31.1,18,Medium,3.7,0.6,204,59.6,339.5,129419,77.3,Yes
2/21/2024,258.78,Alluvial,2.71,41.1,50,78.4,Forest Cover (%),157,4,16.37,74.6,106.8,43.8,34.4,18.6,High,3.8,0.53,205,73.2,374.9,128718,83.4,No
2/22/2024,250.05,Loamy,2.26,32.1,0,57.4,Forest Cover (%),179,3,17.33,72.3,93.4,40.1,34.8,16.5,High,3.4,0.58,184,61.6,347.9,120039,67.1,Yes
2/23/2024,252.86,Loamy,4.48,18.4,10,39.2,Forest Cover (%),182,4,23.03,62.9,89.4,41.3,30.9,19.2,Medium,3.3,0.63,149,75.9,310.7,120835,65.6,Yes
2/24/2024,259.22,Clayey,2.86,26.9,5,83,Forest Cover (%),152,4,22.96,74.9,85.1,42.9,33.3,15.4,Low,4.9,0.53,189,52.2,393,126358,81.4,Yes
2/25/2024,250.49,Clayey,3.13,28.5,10,51.2,Forest Cover (%),198,3,22.49,77.1,109.7,42.9,30.5,16.5,Medium,3.8,0.62,153,73.5,359.8,128893,84.3,No
2/26/2024,251.44,Sandy,5,25.6,10,80,Forest Cover (%),161,5,22.5,83.8,81.3,42.3,31.3,17.2,Low,4.1,0.51,183,51.2,365.9,127903,71.5,Yes
2/27/2024,251.14,Loamy,3.85,32.3,0,34.7,Forest Cover (%),164,3,22.32,71.4,80.6,44.5,30.8,19.2,High,3.8,0.58,225,79.8,332.9,126123,69.6,No
2/28/2024,259.81,Sandy,4.43,16.1,0,48.7,Forest Cover (%),185,5,19.14,83.7,115,42.3,33.1,15.5,High,3.6,0.59,141,67.4,341.2,124852,76.8,Yes
2/29/2024,252.27,Alluvial,2.25,10.8,0,45,Forest Cover (%),184,4,18.24,79.1,109.9,44.2,30.3,18.2,High,4.3,0.62,226,78.5,322.2,121384,71.9,No
3/1/2024,253.92,Clayey,2.33,19.3,0,76.4,Forest Cover (%),151,5,18.51,69.2,117,40.8,32.5,16.9,Medium,3.8,0.68,233,75.4,355.7,127549,78.4,No
3/2/2024,253.2,Alluvial,2.75,10,10,63.7,Forest Cover (%),193,5,20.16,72.2,110.2,40.2,32.5,19.7,High,4,0.58,201,70.3,324.1,128557,83.4,No
3/3/2024,254.45,Sandy,3.86,21.1,50,82.7,Forest Cover (%),169,4,19.95,83.4,111.5,42.9,32,17.2,Medium,4.9,0.51,127,58.2,361.6,121466,82.9,Yes
3/4/2024,254.28,Clayey,4.15,14.9,10,61.1,Forest Cover (%),160,5,20.84,60.7,91.1,43.8,30.5,18.4,Low,4.8,0.51,197,59.9,358.9,120484,65.3,No
3/5/2024,256.13,Sandy,2.38,41.9,5,50.9,Forest Cover (%),160,4,15.29,80.6,113.4,40.6,34,19.2,High,3.4,0.54,183,61.3,390.7,121523,82.5,Yes
3/6/2024,253.9,Sandy,3.03,38.8,0,53.9,Forest Cover (%),158,4,17.88,85.6,99.3,42,31.9,17.4,Low,4.5,0.78,107,55.8,317,125858,79.3,Yes
3/7/2024,251.82,Sandy,3.86,14.8,0,54.2,Forest Cover (%),167,3,22.98,60.5,82.4,42.4,34.1,18.5,Medium,3.2,0.63,153,52.6,373.5,121477,69.4,No
3/8/2024,258.17,Clayey,4.77,11.3,2,48,Forest Cover (%),158,3,17.06,78.6,113.3,43.5,34.2,17.5,High,3.6,0.56,194,62.1,315.3,126126,83.2,No
3/9/2024,252.1,Loamy,2.18,30.8,20,37.5,Forest Cover (%),199,3,24.31,78.5,91,43,32.6,17.9,Low,3.2,0.52,162,76.8,319.3,125003,80,No
3/10/2024,257.33,Loamy,3.2,38.1,5,58.9,Forest Cover (%),193,4,21.86,78.9,117.2,40.4,30.6,16,Medium,3.4,0.54,178,54,327.8,123826,68.9,No
3/11/2024,251.08,Sandy,3.68,30,0,82.4,Forest Cover (%),166,5,23.02,84.7,81.9,44.6,30.3,16.5,Low,4.7,0.6,242,50.5,320.6,126554,79.1,No
3/12/2024,258.15,Sandy,3.44,22.2,1,35.4,Forest Cover (%),190,4,24.11,68.3,105.1,43.1,32.2,17.8,Low,4.8,0.57,134,56.8,382.2,126452,76.7,Yes
3/13/2024,258.64,Clayey,4.33,20.3,0,40.6,Forest Cover (%),194,4,23.06,67.6,81.2,43.4,32,18.1,Low,4,0.58,212,72.7,305.4,128880,82.5,No
3/14/2024,254.68,Loamy,2.73,20.9,1,56.2,Forest Cover (%),183,4,20.05,85.1,85.9,40,34.3,18.7,Low,3.4,0.52,119,76.6,395.5,124887,74.3,Yes
3/15/2024,254.5,Loamy,4.82,34.5,0,31.1,Forest Cover (%),152,5,17.48,89.2,110.4,41.1,30.9,16.7,Medium,3.2,0.71,173,75.9,375.5,128766,78.3,No
3/16/2024,257.97,Clayey,4.43,23.5,0,74.3,Forest Cover (%),157,4,19.69,73.7,81.6,43,31.6,17.3,Medium,3.8,0.77,102,55.6,359.6,125105,66.1,Yes
3/17/2024,255.08,Sandy,2.34,19,0,34.6,Forest Cover (%),156,3,23.7,60.8,88,43.2,32.2,17.9,Medium,3.8,0.66,122,63.7,377.9,127958,75.3,Yes
3/18/2024,259.86,Loamy,3.61,11.6,20,35.1,Forest Cover (%),157,5,16.49,85.2,104.5,40.4,34.5,17.4,Low,4.7,0.53,212,67,334.4,129608,82.9,Yes
3/19/2024,251.28,Clayey,2.77,33.8,5,40.1,Forest Cover (%),183,4,17.43,78.7,112.2,45,31.8,15,High,3.9,0.65,220,75.5,311.9,128380,74.8,No
3/20/2024,256.74,Loamy,3.07,41.1,10,64.2,Forest Cover (%),180,3,19.59,70.5,109,40.6,32.3,19.4,Medium,4.3,0.54,142,51.2,316.7,128172,79.6,Yes
3/21/2024,251.73,Clayey,4.79,36.7,0,37.1,Forest Cover (%),160,3,23.52,83.4,94.6,42.1,32.2,17.7,Low,3.3,0.66,101,64.8,330.5,128164,67.5,Yes
3/22/2024,254.91,Sandy,3.55,14.3,50,68.4,Forest Cover (%),150,5,18.9,67.4,86.5,43.8,32.1,19.5,Low,3.9,0.72,237,57.7,362.5,126628,76.7,No
3/23/2024,253.8,Sandy,2.48,10.2,2,67.1,Forest Cover (%),189,4,24.35,76,100.7,42.3,30.7,18.2,Low,4.2,0.67,155,71.9,334.3,128229,84.5,No
3/24/2024,254.14,Loamy,4.7,24.3,1,65.5,Forest Cover (%),159,4,16.78,84.3,90.2,44.8,30.8,15.4,Medium,4.1,0.61,100,76.2,360,120308,66.5,No
3/25/2024,252.81,Alluvial,2.75,12.2,0,76.9,Forest Cover (%),195,5,17.36,69,95.7,41.9,31.9,15.5,Medium,3.9,0.71,227,55.6,302.7,128243,70.7,No
3/26/2024,252.06,Clayey,4.12,31.4,0,50.3,Forest Cover (%),153,5,19.54,82.1,89.2,44,34.3,16.1,High,4.3,0.79,231,68.5,318.9,121058,70,No
3/27/2024,256.11,Alluvial,2.89,16.1,50,39,Forest Cover (%),180,5,16.54,64.4,116.4,42.3,34.2,18,Low,3.5,0.7,191,50.4,363.5,127537,81.8,No
3/28/2024,250.37,Alluvial,4.3,9.9,1,38.2,Forest Cover (%),170,3,23.92,72.8,117.4,40.5,32.2,18.3,Low,3.6,0.68,175,73.3,360.4,122947,81.5,No
3/29/2024,259.8,Loamy,2.98,41.8,10,61.5,Forest Cover (%),191,5,20.52,71.7,84.5,43,33.1,17,Medium,3.8,0.64,232,65.9,322,125627,65.7,No
3/30/2024,250.24,Sandy,3.58,30,0,50,Forest Cover (%),150,4,21.42,83.3,99.6,43.5,32.6,16.3,Medium,3.8,0.54,216,67.9,300.9,121336,82.7,No
3/31/2024,255.16,Sandy,4.26,37.7,0,85.8,Forest Cover (%),191,5,18.68,81.2,104.7,42.1,34.7,15.3,High,4.5,0.77,233,54.3,395.3,124616,69.9,No
4/1/2024,259.49,Alluvial,2.55,27.3,0,62,Forest Cover (%),178,4,24.92,77.3,98.2,42.3,33.2,17,Medium,4.3,0.73,193,52.8,391,129769,85,No
4/2/2024,257.71,Alluvial,3.78,21.7,2,61.4,Forest Cover (%),195,3,15.21,65.4,96.7,43.4,33.3,17.4,Medium,4.6,0.66,141,66.6,308.3,126618,79.6,No
4/3/2024,258.4,Loamy,3.26,30.9,20,34.7,Forest Cover (%),193,4,19.34,65,103.1,43.8,32.2,19.6,Medium,4.7,0.71,105,54.2,303,127035,65.5,Yes
4/4/2024,258.82,Alluvial,4.4,36.4,2,76,Forest Cover (%),180,3,23.47,75,93.5,40.1,30.6,19.5,Low,3.8,0.76,208,56.4,396.2,122623,76.4,No
4/5/2024,250.6,Loamy,3.08,25.6,0,50,Forest Cover (%),187,4,20.04,61.4,80.3,40.5,31.8,17.6,Medium,3.3,0.5,152,69.8,362.4,129733,66.9,No
4/6/2024,253.34,Sandy,4.86,11,50,84.3,Forest Cover (%),166,4,20.05,66.4,99.3,42.8,31.6,19.7,Medium,4,0.78,158,75,379.7,127384,79.9,Yes
4/7/2024,256.49,Clayey,3.17,16,0,89,Forest Cover (%),165,4,16.86,60,94,42.1,31.1,16.3,High,3.2,0.6,148,73.8,398.5,127455,80,No
4/8/2024,250.04,Loamy,3.48,28.4,0,73.6,Forest Cover (%),152,3,20.42,66.7,113.1,42.8,31.9,16.3,Medium,3,0.57,232,69.2,309.1,124270,77.8,Yes
4/9/2024,257.98,Loamy,3.81,18.3,0,55.3,Forest Cover (%),158,3,18.89,67.1,107.9,40.6,33.9,15.8,Low,5,0.71,239,76.2,348,129352,80.6,Yes
4/10/2024,251.34,Alluvial,2.18,32,0,68.3,Forest Cover (%),192,3,17.22,88.4,84.5,40.4,30.9,15.6,High,3.1,0.64,131,61.1,370.3,126343,71.8,No
4/11/2024,254.27,Loamy,3.8,36.5,0,88.3,Forest Cover (%),173,5,20.01,84,103.1,44,30.9,15.7,Low,4,0.52,202,58.5,379,125341,69.8,No
4/12/2024,253.38,Loamy,2.65,11.5,0,70,Forest Cover (%),170,5,23.73,87.9,109.1,44.2,33.1,19.5,High,3.2,0.73,190,57.3,376.7,124320,73.5,No
4/13/2024,252.36,Clayey,4.08,27.2,10,44.3,Forest Cover (%),153,5,23.91,60.9,118.2,44.3,34.6,18.8,High,3.6,0.66,227,78.7,382.7,126231,74.8,No
4/14/2024,256.95,Clayey,3.48,36,10,40.1,Forest Cover (%),194,3,20.48,86.4,97.9,42.3,30.1,18.1,Medium,5,0.8,205,64.9,366.8,125127,72.6,No
4/15/2024,250.42,Loamy,3.03,17.3,0,72.3,Forest Cover (%),190,4,24.38,84.6,98.6,40.4,32,18.5,Low,3.9,0.79,183,51.1,300.6,121402,73.5,No
4/16/2024,250.74,Clayey,3.21,13.5,10,80.7,Forest Cover (%),190,4,24.27,85.5,117.8,42.5,30.2,19.1,Medium,4.4,0.77,143,75.6,380.6,126765,71.4,Yes
4/17/2024,253.04,Loamy,2.11,21.4,20,43.1,Forest Cover (%),170,3,21.41,89.2,100.1,41.6,34.4,16.7,Medium,4.1,0.64,175,64.8,311.1,129203,80.3,No
4/18/2024,258.66,Clayey,3.17,35.2,50,89.6,Forest Cover (%),199,4,22.03,75.1,85.4,40.6,35,15.9,Low,3.5,0.68,248,58,355,124886,66.1,No
4/19/2024,252.46,Clayey,4.07,12.3,0,67.2,Forest Cover (%),178,5,19.36,63.8,114.4,43.2,31.3,16.6,High,4.8,0.61,113,69.7,333.6,120851,81,No
4/20/2024,256.2,Clayey,2.25,31.8,5,37.6,Forest Cover (%),187,5,19.04,64.9,85.9,41.3,31.3,18.1,Medium,3.7,0.51,139,60.3,341.7,124449,70.4,No
4/21/2024,255.58,Sandy,3.52,24.4,0,74.7,Forest Cover (%),187,4,22.46,73.4,116.6,44.2,34.7,18.5,Medium,3.1,0.53,190,64.7,324,125206,76.7,Yes
4/22/2024,250.56,Clayey,3.77,15.9,0,36.8,Forest Cover (%),152,5,15.83,65.1,108,43.8,31.7,18.7,Low,4.8,0.53,101,63.6,313.3,128654,72.1,No
4/23/2024,250.59,Clayey,3.13,26.4,0,40.8,Forest Cover (%),161,3,17.27,82.9,104.4,43.6,32.6,15.1,Medium,3.8,0.56,151,50.6,354,126057,73.1,No
4/24/2024,250.4,Sandy,3.67,27.7,20,63.7,Forest Cover (%),189,5,18.37,86.1,111.7,41.2,31.1,17.8,High,3.1,0.69,186,78.5,332.4,121934,65.3,Yes
4/25/2024,256.78,Clayey,4.9,28.9,0,50.3,Forest Cover (%),185,3,18.45,89.9,100.8,40.6,31.1,17.9,Low,4.6,0.64,219,68.5,398.8,121939,68.5,No
4/26/2024,252.28,Clayey,2.99,22.9,0,67.3,Forest Cover (%),165,5,23.43,87,90,44.5,31.2,15.6,Medium,3.1,0.61,122,79.7,340.7,120429,69,Yes
4/27/2024,257.66,Alluvial,2.51,18.1,0,45,Forest Cover (%),154,3,20.79,80.1,97,40.9,33.5,15.6,High,3.1,0.71,124,53.7,351.3,120671,68.7,Yes
4/28/2024,255.81,Alluvial,2.18,33.6,1,39.5,Forest Cover (%),163,5,22.27,81.6,118.1,41.6,33.8,18.5,Medium,3.9,0.67,138,54.4,395.6,129692,71.1,No
4/29/2024,256.2,Sandy,3.76,26.7,2,37.3,Forest Cover (%),183,5,23.66,71.2,86.9,40.7,31.6,17.6,Medium,4.7,0.61,192,76.8,397,125799,80,Yes
4/30/2024,254.28,Loamy,2.32,32.3,1,37.5,Forest Cover (%),189,4,16.12,87.3,112.3,42.5,33.5,19.5,Medium,3.4,0.68,177,61.7,383.4,129014,67.2,No
5/1/2024,258.22,Loamy,3.69,39,10,61.4,Forest Cover (%),194,5,15.09,67.9,109,44.8,31,19.1,Low,4.9,0.74,151,75.2,300.7,129349,70.3,Yes
5/2/2024,258.63,Loamy,3.82,31,50,63.3,Forest Cover (%),180,4,17.29,81.3,98.5,41.9,30.6,19.1,High,4,0.53,172,61.7,347.3,128814,73.2,No
5/3/2024,252.72,Loamy,3.13,18.8,50,70.8,Forest Cover (%),193,3,22.94,85.3,84.5,40.3,33.7,15.5,High,3.1,0.6,103,61.2,328.7,123209,77,Yes
5/4/2024,254.66,Sandy,4.7,13.4,0,86.4,Forest Cover (%),172,5,21.43,71.7,81.1,42.9,31.7,15.2,High,4.3,0.68,200,59.7,385,129907,73.2,Yes
5/5/2024,252.74,Sandy,4.45,12,2,69.7,Forest Cover (%),155,3,24.23,83.1,114.7,41.3,31.5,15.3,High,3.7,0.8,169,51.6,352.5,120360,67.5,Yes
5/6/2024,252.02,Sandy,2.15,18.4,5,47.6,Forest Cover (%),183,4,15.12,85.9,92.9,43.7,33.1,18.6,Medium,3.3,0.61,204,56,300.5,124305,74.4,Yes
5/7/2024,253.5,Sandy,3.16,41,2,86.1,Forest Cover (%),193,3,18.36,79.2,104.6,41.7,32.6,19.3,Low,4.6,0.52,128,79.3,359,127794,66.2,Yes
5/8/2024,253.25,Clayey,4.53,18.9,0,49.4,Forest Cover (%),196,3,16.51,65.3,80.7,43.7,32,17.1,Medium,3.2,0.57,217,55,307.5,120055,74.4,No
5/9/2024,255.68,Alluvial,3.28,22.3,2,45.7,Forest Cover (%),197,5,18.74,81.4,101.2,42.2,31.8,16.1,High,4.7,0.74,219,79.1,363.6,125800,74.7,No
5/10/2024,259.03,Alluvial,4.01,9.2,0,67.2,Forest Cover (%),153,4,17.73,60.3,113,43.1,32.4,16.4,High,4.8,0.63,195,77.5,350.1,122531,72.2,Yes
5/11/2024,250.73,Loamy,2.52,15.4,0,69.2,Forest Cover (%),159,3,15.61,72.9,111,43.8,32.7,16.8,Low,4.7,0.54,169,67.9,349.3,122676,79.8,Yes
5/12/2024,254.21,Sandy,4.27,30.7,0,70.6,Forest Cover (%),177,5,21.85,65.2,106.9,40.7,30.5,18.3,Low,3.6,0.68,173,61.1,394.3,123145,72.3,Yes
5/13/2024,251.22,Clayey,4.09,13.8,0,51.3,Forest Cover (%),191,3,22.09,85.1,102,41.4,32.4,15.6,Medium,4.4,0.64,195,57.8,356.6,122847,84.5,Yes
5/14/2024,257.07,Sandy,4.43,14.4,0,61,Forest Cover (%),190,3,19.76,74.9,95.7,44.3,30,16.6,High,3.5,0.71,179,75.5,322.2,126395,65.4,No
5/15/2024,255.65,Alluvial,2.95,32.3,0,47.4,Forest Cover (%),162,3,22.58,80,80.3,44,33.1,19.3,Medium,3.8,0.78,164,68.1,358.5,125706,83.4,No
5/16/2024,251.69,Loamy,2.73,27.8,0,71.4,Forest Cover (%),186,4,15.18,67,102.9,42,35,15.9,High,3.1,0.65,120,50.2,374.8,124056,65.8,Yes
5/17/2024,253.52,Sandy,2.05,30.5,0,82.1,Forest Cover (%),168,3,18.76,68,97.5,41.8,34.1,19.4,Medium,4.4,0.6,220,74.4,306.9,125442,70.9,No
5/18/2024,257.64,Sandy,4.83,13.4,0,62.2,Forest Cover (%),199,5,23.45,69.6,103.8,43.3,33.4,17.2,Medium,3.5,0.5,165,62.2,323.7,123607,70.8,Yes
5/19/2024,257.86,Loamy,2.72,11,2,75.4,Forest Cover (%),153,4,15.7,74.4,94.7,44,34.4,15.3,Low,3.1,0.52,225,73.7,312.8,121699,76.5,Yes
5/20/2024,259.35,Alluvial,4.39,39.7,0,40,Forest Cover (%),192,4,17.16,77.3,113.8,43.5,32.9,20,Medium,4.3,0.58,131,53.2,380.9,128628,79.3,Yes
5/21/2024,254.88,Sandy,3.11,19.8,2,80.9,Forest Cover (%),157,4,21.3,66,100,40.6,33.9,15.2,Medium,3.2,0.74,192,78.1,323.7,129770,70.4,Yes
5/22/2024,251.04,Loamy,4.39,34.4,0,84.9,Forest Cover (%),178,5,19.9,61.4,111.1,41.3,31.7,16.5,Low,3.4,0.53,121,80,318.6,123186,68.5,Yes
5/23/2024,256.37,Sandy,2.95,15.2,20,82.5,Forest Cover (%),161,4,21.53,70.7,92.6,44.5,31.2,17.1,High,4,0.66,152,74.7,326.7,121042,84.6,No
5/24/2024,255.97,Loamy,3.62,10.3,0,74.2,Forest Cover (%),153,3,19.24,75.7,114.6,43.8,34.1,16.1,High,3.2,0.55,221,70.2,375.8,123638,80.9,No
5/25/2024,253.59,Sandy,4.24,12.2,50,50.8,Forest Cover (%),180,5,19.19,82.2,97.4,42.3,33,17.2,Low,3.7,0.78,195,63.3,372.8,129816,81,Yes
5/26/2024,257.34,Loamy,3.64,39.2,0,64.8,Forest Cover (%),198,3,20.51,63.4,117.2,41.1,30.8,18.2,Low,3.1,0.52,193,57.2,394.8,122451,67.9,No
5/27/2024,254.02,Alluvial,2.65,8.9,50,65.5,Forest Cover (%),157,4,18.78,74.6,88.7,44.8,33.8,18,High,3.8,0.53,128,53.7,328.4,122102,66.8,No
5/28/2024,254.83,Loamy,2.39,29.4,0,67.4,Forest Cover (%),179,3,16.99,87.5,89.2,44.7,31.2,16.3,Medium,3.4,0.5,177,71.4,346.5,128151,79.4,No
5/29/2024,258.68,Sandy,2.18,40.9,2,73.1,Forest Cover (%),157,3,21.17,61.5,91.6,43.4,34.2,19.1,Medium,4.9,0.67,184,69.1,310.2,124608,77.6,Yes
5/30/2024,252.92,Loamy,4.74,9,20,45.7,Forest Cover (%),186,3,16.85,86.3,87.5,40.7,32.8,18.6,High,3.3,0.58,143,53.2,370.7,120161,65.6,Yes
5/31/2024,252.9,Alluvial,2.71,11.9,5,80,Forest Cover (%),190,4,15.68,68.5,90.1,42,33.1,18,Low,3.9,0.52,110,70.9,344.2,123755,74.1,No
6/1/2024,253.59,Alluvial,4.93,13.6,1,33.9,Forest Cover (%),188,5,15.6,75.9,115.4,40.1,31.9,15.1,Medium,3.6,0.63,139,71.9,349.4,124969,68.1,No
6/2/2024,250.06,Clayey,2.96,36.3,2,43.7,Forest Cover (%),151,4,17.96,72.5,119.7,40.2,31.5,16.9,Medium,4.2,0.73,240,54.2,324.1,120069,78.6,No
6/3/2024,250.18,Loamy,4.59,27.6,10,82.3,Forest Cover (%),195,5,20.34,73.4,86.7,40.5,32.9,18.9,Medium,4.9,0.72,174,72.8,346.1,126502,65.7,No
6/4/2024,258.42,Clayey,3.92,9.2,10,63.2,Forest Cover (%),155,5,18.99,86.1,94.5,40.5,30.9,19.2,High,3.7,0.73,193,72.2,387.9,126199,83.5,No
6/5/2024,259.15,Sandy,4.87,8.1,0,74.3,Forest Cover (%),173,4,19.98,73.4,89.1,41.1,34.6,16.9,High,4.9,0.79,232,60,372.5,123545,77.3,Yes
6/6/2024,253.84,Alluvial,4.42,23.7,1,51.5,Forest Cover (%),151,4,16.81,74.9,80,41.3,34.7,18.2,Medium,3.5,0.55,158,74.3,374.7,125414,68.4,No
6/7/2024,252.23,Sandy,3.71,16,20,55.5,Forest Cover (%),154,5,15.16,65,112.5,41.8,34,18.3,High,4.7,0.65,116,67.9,395,127238,80.3,No
6/8/2024,255.98,Sandy,2.11,38.3,50,67.1,Forest Cover (%),150,4,16.04,65.2,81.6,43.8,31.2,15.4,Medium,4.9,0.77,165,56.6,377.2,128333,79.5,Yes
6/9/2024,250.41,Alluvial,2.37,38.5,0,73.8,Forest Cover (%),152,3,22.1,88.5,105.1,42.3,30.5,17.9,Medium,4.2,0.63,149,74.2,362.4,121951,78.3,No
6/10/2024,259.07,Sandy,2.52,10.5,1,75.3,Forest Cover (%),158,4,18.21,71.5,101.5,40.3,33.2,19.3,Medium,5,0.79,179,73.3,305.5,126179,71.7,Yes
6/11/2024,252.2,Alluvial,4.9,40.3,20,56.2,Forest Cover (%),172,3,16.25,61.7,115.2,40.7,30.3,16.2,Medium,4.8,0.55,204,72.3,364.3,122585,81,No
6/12/2024,253.74,Loamy,2.48,35.7,10,58.4,Forest Cover (%),174,5,24.86,62.1,118,44.6,32.4,15.4,Medium,3.2,0.59,196,56.3,345.6,129840,74.6,No
6/13/2024,259.08,Sandy,2.1,22.7,0,74.2,Forest Cover (%),170,3,18.8,84.3,82.2,40.5,33,19,Low,3.7,0.6,158,61.3,343.1,127750,77.8,Yes
6/14/2024,258.69,Sandy,3.68,27.6,1,86.3,Forest Cover (%),152,4,20.62,86.1,110.4,42,34.4,18.8,Medium,3.9,0.53,148,61.9,345.2,122314,69.6,Yes
6/15/2024,250.26,Clayey,4.82,29.2,10,69,Forest Cover (%),179,5,17.38,72.8,114.9,42.4,31,17.7,Low,3.2,0.52,231,78.2,345.8,120818,69.9,No
6/16/2024,255.49,Sandy,3.25,29.5,20,84.5,Forest Cover (%),153,3,24.61,65.2,86.8,41,33.4,18.6,Low,4.3,0.66,150,53.4,344.6,129294,84.4,No
6/17/2024,258.6,Alluvial,2.12,26.1,0,50.5,Forest Cover (%),160,3,23.73,73.2,90.2,43,30,15,Low,4.5,0.55,122,76.7,346.6,125984,72.7,Yes
6/18/2024,257.8,Sandy,2.84,34.7,0,34.5,Forest Cover (%),182,3,24.57,86.1,106,43,34.7,15.7,High,3.9,0.79,186,79.5,391.5,124317,68.6,No
6/19/2024,250.61,Alluvial,2.59,13.2,50,57.6,Forest Cover (%),181,5,19.74,81.3,118.9,44.6,33.5,15.1,Low,4.2,0.69,221,78.4,315.6,128569,81.7,Yes
6/20/2024,256.96,Loamy,4.81,20.8,2,70.6,Forest Cover (%),194,4,19.58,68.3,93.8,44.3,34.9,15.5,Medium,4.1,0.67,233,51.8,325.9,124394,68.6,No
6/21/2024,258.87,Loamy,2.19,9.8,0,70.6,Forest Cover (%),199,4,22.29,79.7,90.7,43.1,34.6,16.5,High,4.4,0.68,111,71.8,304.2,123264,80.4,No
6/22/2024,258.56,Alluvial,3.84,27.4,0,75.9,Forest Cover (%),187,5,23.2,84.5,117.4,42.6,31.3,18.8,Low,4.1,0.74,232,77.3,344.6,125424,71.5,No
6/23/2024,254.02,Loamy,4.62,10.1,0,70.4,Forest Cover (%),198,4,24.03,62.5,114.2,40.3,31.7,18.8,High,4.9,0.72,241,64.8,307.8,128314,72.8,No
6/24/2024,258.29,Alluvial,3.05,18.9,10,67.7,Forest Cover (%),154,5,23.25,80.1,115.3,44.7,31,16,High,4.1,0.69,201,68.2,330,122630,74,No
6/25/2024,254.24,Clayey,4.87,22.7,20,63.5,Forest Cover (%),159,3,19.64,80.5,97.4,44.9,33.8,19.3,Low,4.9,0.52,151,54.5,333.6,122641,79.6,Yes
6/26/2024,257.36,Alluvial,3.3,20.5,5,37.1,Forest Cover (%),197,5,20.66,67.7,98.1,44.9,33,17.4,Low,4.7,0.57,171,72.8,379.1,127336,83,No
6/27/2024,259.72,Loamy,3.53,35.3,0,34,Forest Cover (%),187,5,15.7,81.3,84.4,42.5,31,17.5,Medium,3.9,0.52,149,79.4,335.6,121115,71.3,Yes
6/28/2024,253,Alluvial,2.09,37,0,48,Forest Cover (%),172,4,24.43,81.6,116.7,40.8,31.3,19.7,Medium,4.7,0.53,165,70.5,313.2,123111,77.7,Yes
6/29/2024,258.78,Sandy,3.24,31.4,10,44.9,Forest Cover (%),193,4,18.64,89.2,90.2,42.9,31.5,17.1,Low,3.4,0.74,227,62.8,362.7,121018,72.9,No
6/30/2024,251.33,Sandy,3.54,34.1,0,40.8,Forest Cover (%),183,5,18.67,89.7,101.3,44.1,34.6,19.9,High,3.2,0.69,206,54.1,379.7,124224,78.7,No
7/1/2024,250.38,Loamy,3.3,13.9,0,88.9,Forest Cover (%),191,5,24.74,75.6,86.4,41,30.3,19.9,High,4.8,0.74,126,77.1,392.7,129836,68.5,No
7/2/2024,250.13,Clayey,4.57,12.2,10,74.9,Forest Cover (%),163,5,19.67,78.5,81.3,41.6,34.3,18.9,High,5,0.66,207,53.8,311.7,125733,79.8,Yes
7/3/2024,253.26,Sandy,3.48,15.3,0,39.3,Forest Cover (%),173,4,18.21,79.4,94.4,43.7,30.5,16.8,Medium,4.6,0.65,194,50.6,304.1,128598,82.3,No
7/4/2024,256.74,Sandy,2.64,22.3,0,79.4,Forest Cover (%),187,3,21.86,85.5,82.1,41.9,32.1,18.9,Low,4.1,0.76,157,55.3,366.3,126790,80.4,No
7/5/2024,255.1,Clayey,4.84,38,1,87.9,Forest Cover (%),185,5,24.24,77.3,108.2,43.3,30.7,19,Medium,4.9,0.71,122,76.9,334.7,129544,69,No
7/6/2024,255.05,Clayey,3.43,17.4,20,72.2,Forest Cover (%),173,5,16.63,62.8,101.3,44.5,31.5,18.8,High,3,0.76,132,66.6,392.9,125450,82.1,Yes
7/7/2024,251.49,Alluvial,3.63,41,5,67.5,Forest Cover (%),198,5,19.37,62.6,82.1,43,34.1,15.1,Medium,3.1,0.67,170,73.9,335.9,122815,83.4,Yes
7/8/2024,256.82,Loamy,3.55,26.8,50,59,Forest Cover (%),162,3,15.08,71,81.6,40.7,32.7,17.4,High,3.5,0.69,229,76.5,397.9,129287,66.9,No
7/9/2024,250.19,Loamy,3.39,14.1,0,34.5,Forest Cover (%),163,4,18.45,63.1,116.4,40.4,34.3,16.1,Low,4.4,0.63,156,60.7,318.5,124412,81.4,No
7/10/2024,251.75,Sandy,2.91,31.9,10,37.9,Forest Cover (%),160,3,18.65,79,103.6,44.5,32.1,19.9,Medium,4.5,0.57,242,70.7,375,123190,83.6,Yes
7/11/2024,254.9,Loamy,4.3,24.1,50,80.2,Forest Cover (%),196,3,18.01,62.1,94.1,41.2,32.5,18.3,High,4.8,0.68,211,73,330.5,129269,65.7,Yes
7/12/2024,255,Loamy,3.11,23.1,1,78.4,Forest Cover (%),193,4,17.56,89.1,117.9,41.4,30.1,15.5,High,3.7,0.62,125,76.5,300.8,125286,83.4,No
7/13/2024,254.66,Alluvial,2.02,27.1,5,33.2,Forest Cover (%),151,5,22.26,72.3,95.7,44.4,34.3,18.9,Low,3.4,0.56,227,65.3,377.3,122875,83.3,Yes
7/14/2024,251.99,Sandy,2.57,36.4,0,85.5,Forest Cover (%),191,3,20.33,64.7,116.6,42.1,35,15.2,High,3.8,0.77,217,74.7,326.2,123987,83.8,Yes
7/15/2024,254.92,Clayey,3.4,36.3,0,72,Forest Cover (%),152,3,21.82,83.4,108.1,42.8,30.4,17.4,Medium,4.8,0.54,105,59.1,374.2,127656,75.2,Yes
7/16/2024,259.9,Sandy,2.39,29.8,1,74.6,Forest Cover (%),189,4,24.58,60.6,116,44.5,30.3,17.5,Medium,4,0.59,244,63.6,320.8,128731,80.4,Yes
7/17/2024,256.1,Loamy,4.77,19.9,1,62.7,Forest Cover (%),186,5,15.72,74.4,103.6,44.9,31.2,18.8,High,5,0.54,140,78.9,309.4,122534,66.9,No
7/18/2024,252.82,Sandy,2.92,27,1,50.2,Forest Cover (%),163,3,21.58,75.6,97.1,42.6,30.6,19.1,Low,4.1,0.52,184,70.6,302.2,128008,69.4,Yes
7/19/2024,257.69,Clayey,2.67,22.1,0,77,Forest Cover (%),162,5,17.88,60.5,106.1,43.4,34,15.4,Low,3.9,0.5,128,73.4,336.3,123969,80,Yes
7/20/2024,252.58,Sandy,3.18,13.6,10,56.8,Forest Cover (%),154,3,20.79,78.1,98,40.5,33,17.7,Medium,3.9,0.66,189,77.1,341.1,121925,70.6,No
7/21/2024,251.99,Clayey,4.09,33.2,0,75.4,Forest Cover (%),173,4,20.1,85,97.6,44.9,34.8,18.1,Low,3.9,0.62,182,61.6,398,126260,66.7,No
7/22/2024,256.07,Clayey,3.73,36.5,5,56.1,Forest Cover (%),164,5,17.37,75.5,104.9,41.9,30.4,18.6,Low,3.4,0.71,227,70.2,314.7,124553,70.1,Yes
7/23/2024,254.01,Loamy,4.11,36.6,2,38.9,Forest Cover (%),154,5,23.61,72.7,87.3,40.6,34.9,15.1,High,4,0.65,243,57.5,303.6,120183,81.2,No
7/24/2024,259.1,Loamy,3.86,12.6,0,72.8,Forest Cover (%),185,4,18.08,66.2,110.2,40.3,33.7,18.2,Low,4.3,0.77,232,53.4,306.6,129547,71,No
7/25/2024,257.97,Sandy,4.14,28.1,50,64.1,Forest Cover (%),194,5,21.28,73.3,113.9,42,31.7,16.5,Low,3.4,0.51,118,61.5,351.6,120728,65.7,Yes
7/26/2024,250.65,Sandy,2.97,31.7,20,34.1,Forest Cover (%),153,3,24,73.5,105.6,43.3,33.3,16.8,Medium,3.4,0.73,131,58.7,317.8,122995,71.2,Yes
7/27/2024,253.04,Loamy,2.63,35.7,10,80.7,Forest Cover (%),179,5,18.4,86,85.1,41.9,31.3,16.5,Low,4.3,0.57,112,57.1,313.8,124318,77.9,No
7/28/2024,257.14,Loamy,4.52,18,10,72.6,Forest Cover (%),173,3,19.45,68.1,112.1,41.7,32.8,16.9,Medium,3.1,0.51,230,72.8,357.8,123486,83.4,Yes
7/29/2024,250.58,Loamy,2.69,32.9,0,51.2,Forest Cover (%),191,5,18.4,63.2,80.6,40.2,30.5,15.2,High,4,0.77,133,61.4,390.6,122197,75.3,No
7/30/2024,255.4,Loamy,3.14,33.4,10,64.7,Forest Cover (%),174,3,19.72,75.2,89.9,43.9,31.9,17.5,Low,3.9,0.6,197,70.1,329.3,120475,76.4,No
7/31/2024,250.77,Alluvial,4.51,27.7,2,48.8,Forest Cover (%),183,5,15.02,82.1,87.2,41,33.1,17.4,Low,3.9,0.62,178,58.7,383.7,129736,74.1,Yes
8/1/2024,256.27,Sandy,2.36,15.7,5,57.8,Forest Cover (%),184,5,24.44,61.5,98,43.7,31,15.1,Medium,4.9,0.79,108,57.3,342,126565,81.6,No
8/2/2024,254.98,Sandy,2.56,14.5,0,51.8,Forest Cover (%),194,5,19.73,60.6,86.9,44.9,30.2,18.6,Low,3.1,0.76,222,63.8,387.8,126961,80.8,Yes
8/3/2024,255.85,Alluvial,3.43,24,0,34.3,Forest Cover (%),151,4,19.04,65.9,102.2,43.9,31.2,19.4,Low,3.8,0.57,183,66.7,375.7,126977,65.2,Yes
8/4/2024,256.16,Loamy,4.41,23.9,10,84.5,Forest Cover (%),199,5,18.72,72.6,114,42.4,31.2,18.7,Medium,3.6,0.52,127,65.1,339,121953,77.1,Yes
8/5/2024,259.96,Clayey,3.68,40.5,10,69.6,Forest Cover (%),178,3,17.05,63.3,93.8,40.5,31.2,17.4,High,4.5,0.53,150,62.6,318.9,126911,65.5,No
8/6/2024,252.94,Clayey,2.54,32.8,10,57.3,Forest Cover (%),171,4,20.58,70.2,91,43,34.6,19.4,Low,4,0.77,137,76.1,355.3,127486,84.5,Yes
8/7/2024,252.75,Clayey,3.35,14.3,1,30.8,Forest Cover (%),176,5,19.15,78.5,96.4,40.3,32.5,18.5,Low,4,0.66,160,74,356.1,123520,75.9,No
8/8/2024,258.68,Loamy,4.11,28.6,20,38.5,Forest Cover (%),189,3,18.46,68.8,103.7,44,32.5,16.7,Medium,4.9,0.74,132,68,305.2,121073,80.1,No
8/9/2024,250.35,Clayey,4.78,16.8,1,81.2,Forest Cover (%),194,5,19.51,81.1,98.2,41.1,34.6,19.3,High,4.2,0.72,233,65.4,346.8,127390,78.2,Yes
8/10/2024,255.96,Sandy,4.45,39.9,0,32.1,Forest Cover (%),172,5,20.14,65.5,109.4,43.7,32.1,15.4,High,4.5,0.72,115,58,316.4,125076,82.2,Yes
8/11/2024,257.14,Clayey,3.99,33.6,1,81.3,Forest Cover (%),158,3,22.03,68.3,83.6,43,34.8,16.3,High,3.4,0.77,180,61.7,304.9,123621,83.4,No
8/12/2024,252.78,Clayey,3.13,27.6,10,36.9,Forest Cover (%),153,5,15.1,66.3,86.4,44.9,31.8,16.2,Low,3.1,0.7,238,76.5,306.3,120157,75.2,Yes
8/13/2024,252.22,Clayey,2.17,20,0,38.6,Forest Cover (%),186,4,16.87,83.3,91.9,40.1,30.5,17,Low,3,0.52,199,51.9,328.2,129947,65.2,Yes
8/14/2024,256.2,Loamy,2.51,38.7,0,30.1,Forest Cover (%),181,3,17.42,78.7,88.5,44.7,34.3,19.6,Medium,4.4,0.53,207,53.8,363.5,127294,70.5,No
8/15/2024,254.9,Clayey,2.78,30.9,10,66,Forest Cover (%),153,5,16.51,85.4,104.8,42.7,33,16.4,High,5,0.55,158,53.2,304.6,125621,79.6,No
8/16/2024,253.16,Alluvial,3.01,22.5,50,64,Forest Cover (%),152,3,16.32,78.7,119.4,43.2,31.3,17.2,Low,4.7,0.65,165,61.6,345.4,128004,68.4,Yes
8/17/2024,254.34,Alluvial,3.63,18.9,0,40.4,Forest Cover (%),154,4,20.66,63.9,87.2,44.9,32.4,17.1,Low,4.6,0.58,204,57.2,317.6,124166,70.6,No
8/18/2024,256.78,Clayey,2.55,36.5,20,32.7,Forest Cover (%),157,3,19.59,70.5,110.6,43.1,35,18.1,High,4.3,0.65,231,74.9,395.1,123358,72.8,Yes
8/19/2024,250.15,Alluvial,2.35,34.2,20,56.4,Forest Cover (%),193,4,15.59,67.8,119.5,44.8,32.4,18.3,Medium,3.5,0.78,171,52.2,349.7,121445,77,Yes
8/20/2024,257.32,Sandy,4.38,23.7,20,50,Forest Cover (%),188,4,20.38,68.6,85.1,43.6,30.6,16,Medium,3.8,0.76,128,72.8,346.5,129886,81.8,No
8/21/2024,255.32,Alluvial,2.06,17.2,0,40.2,Forest Cover (%),183,4,17.14,89.7,102.7,44.2,30.1,15.7,Low,3.2,0.73,196,69.6,330.6,129948,82.2,Yes
8/22/2024,258.14,Alluvial,2.27,36.4,10,37.7,Forest Cover (%),159,3,21.32,77.2,101.3,41.8,32.2,16.4,Medium,3.5,0.77,216,61.5,362.5,121725,80.9,No
8/23/2024,258,Alluvial,3.99,35,5,32.8,Forest Cover (%),172,4,20.33,77,102.3,44.1,31.2,15,Low,3.1,0.78,237,64,349.3,127493,71.6,Yes
8/24/2024,253.37,Loamy,2.5,37.3,10,81.7,Forest Cover (%),178,5,21.3,87.5,91.1,44.3,34.9,18.5,High,3.9,0.71,225,58.2,325,128804,75.2,Yes
8/25/2024,259.09,Alluvial,2.94,36.2,20,40.3,Forest Cover (%),158,5,23.36,74.9,83.9,43.6,33.8,15.9,Medium,4.8,0.52,120,72.6,318.2,122676,68.1,No
8/26/2024,258.26,Clayey,3.07,31,0,56.8,Forest Cover (%),189,3,16.18,61.8,107.5,42.6,30.6,17.9,Medium,4.3,0.62,110,56,382.1,126494,76.7,Yes
8/27/2024,254.23,Loamy,4.75,19.8,1,58.1,Forest Cover (%),177,5,19.11,80,119.4,42.3,34.6,15.6,Medium,3.2,0.58,248,51.5,359.1,126889,65.7,Yes
8/28/2024,255.74,Loamy,2.61,40.2,0,65.9,Forest Cover (%),156,5,18.4,74.2,88.4,42.7,34.7,16.5,Medium,3.3,0.59,193,72.8,340.4,125757,84.8,No
8/29/2024,252.62,Clayey,2.84,28.4,1,77.7,Forest Cover (%),170,4,19.38,78.6,115,41.9,31.4,19.8,Low,3.4,0.77,210,74.5,375,121647,76.2,No
8/30/2024,253.23,Sandy,2.72,25.2,50,79.8,Forest Cover (%),154,3,15.34,88.8,113.4,42.7,33.8,19.3,Low,3.6,0.52,189,63.1,318.3,126679,82.2,No
8/31/2024,250.3,Alluvial,3.13,29.4,5,49.4,Forest Cover (%),191,3,23.43,80.2,93.4,42.5,30.5,17,High,3.1,0.71,126,58.2,384.6,129230,68.2,Yes
9/1/2024,255.35,Clayey,4.29,15.6,0,74.6,Forest Cover (%),196,5,16.57,77.6,80.2,40.6,30.4,19.9,High,3.9,0.69,167,58.3,341.7,121987,76.9,No
9/2/2024,252.76,Sandy,3.13,24.1,10,86.9,Forest Cover (%),153,5,23.07,88.2,98.2,44,31.7,15.8,Medium,4.1,0.8,146,66.5,333.4,126534,78.7,No
9/3/2024,259.15,Alluvial,2.27,36.5,2,64.9,Forest Cover (%),157,3,16.91,81.5,101.6,43.5,35,16.2,Low,4.5,0.58,192,50.5,345.2,125116,68.4,Yes
9/4/2024,256.9,Loamy,3.55,37.8,20,47.8,Forest Cover (%),162,5,17.73,80.9,117.6,43.1,31.8,17.3,Medium,4.4,0.58,234,58.5,396.3,128247,83.9,No
9/5/2024,254.42,Clayey,2.29,10.5,50,60.1,Forest Cover (%),198,5,15.36,66.4,100.8,43.5,30.1,15.6,High,4.9,0.64,122,50.1,397.3,123142,72.6,No
9/6/2024,257.58,Clayey,2.19,23.2,5,84.2,Forest Cover (%),169,3,18.18,78.5,102.8,41.2,32.1,15.1,High,3.4,0.8,115,62.5,390.9,120604,81.1,No
9/7/2024,254.58,Alluvial,2.28,13.6,20,71.6,Forest Cover (%),181,3,16.18,81.1,86.3,41,33.2,18.9,Low,3.5,0.61,206,76.2,324,121670,67,Yes
9/8/2024,250.86,Alluvial,3.96,8.1,0,34.4,Forest Cover (%),180,4,24.14,84.9,119.7,40,30.6,15.8,Medium,3.6,0.55,190,52.9,311.9,126053,68.7,Yes
9/9/2024,253.67,Loamy,3.19,26.4,0,59.1,Forest Cover (%),192,4,23.06,61.3,82.2,40.6,33,17.6,Low,3.8,0.56,186,63.9,377.3,121039,78.1,Yes
9/10/2024,255.22,Clayey,3.9,26.8,0,51.2,Forest Cover (%),167,5,21.26,64.1,83,43.9,31.8,19.4,Low,4.8,0.62,185,58,347.8,120939,66.3,Yes
9/11/2024,257.85,Loamy,3.77,39.2,50,45.9,Forest Cover (%),174,4,15.95,69.3,82.1,41.1,30.2,18.9,Low,3.5,0.57,166,65.1,311.7,125637,79.8,No
9/12/2024,257.93,Clayey,3.25,22.8,2,57.4,Forest Cover (%),177,4,18.45,74.5,98.6,44,32.6,18.7,High,4.2,0.57,237,79.3,318.1,120091,73,No
9/13/2024,256.16,Alluvial,3.18,35.9,0,76.5,Forest Cover (%),193,5,16.9,89.4,106.5,44.7,32.1,18.1,High,3.5,0.75,198,63.5,328.9,124096,69.6,No
9/14/2024,251.3,Alluvial,3.97,41.5,20,77.8,Forest Cover (%),197,4,24.96,87,109.7,41.2,30.9,19.6,Low,3.4,0.55,106,51.6,344.1,129762,65.7,Yes
9/15/2024,257.64,Alluvial,4.15,25.6,20,41.5,Forest Cover (%),185,3,20.78,67.8,93.4,42.2,34.5,19,Low,3.8,0.73,107,57.7,307,124418,82.7,Yes
9/16/2024,256.92,Loamy,4.47,15.5,0,65.7,Forest Cover (%),163,4,22.55,76.4,106,40,30.7,19.2,Low,4.1,0.51,151,51.9,332.1,120417,81.1,No
9/17/2024,251.42,Alluvial,3.18,37.6,1,53.4,Forest Cover (%),186,4,24.67,76.4,84.2,41.1,31.1,19.3,High,4.3,0.77,154,77,328,126902,78,Yes
9/18/2024,256.24,Loamy,4.94,41,20,62.2,Forest Cover (%),164,5,16.92,72.6,84.2,42.1,34.8,17.6,High,3.3,0.55,110,68.8,384.4,125604,82.6,No
9/19/2024,255.53,Loamy,2.83,41.5,50,88.5,Forest Cover (%),161,4,19.62,70.7,119.1,42.2,33.3,18,High,4.9,0.66,241,65.9,307.8,127066,74.4,Yes
9/20/2024,259.18,Loamy,2.27,23.2,0,85.2,Forest Cover (%),175,4,24.4,64.5,93.3,41.5,31.8,18.6,High,4.9,0.51,220,60,386,123196,71.7,Yes
9/21/2024,253.06,Loamy,2.47,39.9,10,74.8,Forest Cover (%),150,3,15.74,66.6,85,44.9,34.8,17,Low,4,0.75,248,53.3,365.8,124752,83.4,No
9/22/2024,257.2,Alluvial,3.59,8.9,50,66.5,Forest Cover (%),191,5,19.83,86.9,80.5,40.8,31,19.6,Medium,3.2,0.55,244,71.8,384.4,122566,72.7,Yes
9/23/2024,255.65,Loamy,2.56,13.3,10,73.5,Forest Cover (%),166,5,17.73,85.5,118,42.1,32.7,19,Medium,3.4,0.56,185,62.9,354.9,124216,71.5,No
9/24/2024,255.43,Alluvial,4.27,19.7,1,55.3,Forest Cover (%),199,4,21.19,64.8,94.8,42.7,34.6,16.9,Medium,3.3,0.63,111,76,314.7,125463,78.6,Yes
9/25/2024,259.54,Clayey,3.96,41.1,2,73.4,Forest Cover (%),161,3,24.91,65.7,89.7,44.6,32.3,19.1,Medium,3.7,0.67,114,75.6,307.3,121494,76.4,Yes
9/26/2024,253.28,Sandy,3.08,30.4,10,86,Forest Cover (%),192,4,21.14,66.5,103.2,44.8,32.3,16,Medium,4.4,0.65,210,77.9,395.1,129690,78.3,Yes
9/27/2024,255.87,Sandy,2.25,19,20,87.2,Forest Cover (%),177,4,20.45,84.6,91.4,41.9,31.5,18.4,High,3.1,0.55,152,69.9,311.3,121300,84.5,Yes
9/28/2024,252.29,Loamy,3.49,25.4,0,79.6,Forest Cover (%),183,3,18.96,65.4,112,42.3,33.5,16.8,Medium,3.3,0.71,148,71.2,325.7,121656,76.6,Yes
9/29/2024,254.15,Loamy,2.74,30.6,0,48.2,Forest Cover (%),157,3,18.02,88.1,107.2,40.6,33.8,15.5,Medium,3.2,0.65,167,55.8,349.7,120175,79.4,No
9/30/2024,252.71,Sandy,3.93,9,10,35.8,Forest Cover (%),151,3,20.61,80.4,119,42,32.9,17,Low,3.7,0.76,230,56.9,324.2,125789,74.2,No
10/1/2024,250.41,Loamy,2.57,25.5,5,88.3,Forest Cover (%),157,3,24.86,70,118.3,41.1,34.6,16.5,Medium,3.1,0.59,206,68.7,370.5,120791,73.7,No
10/2/2024,254.3,Alluvial,2.52,23.7,0,74.3,Forest Cover (%),155,4,15.11,89.4,86.4,42.8,32.8,18.5,Medium,4.7,0.71,132,65.2,388.5,122559,67.6,No
10/3/2024,259.36,Loamy,3.12,18,0,70.8,Forest Cover (%),164,5,19.79,80.9,97.8,44.9,35,16.2,Low,3.2,0.79,217,67.9,351.6,126407,78.9,Yes
10/4/2024,257.39,Alluvial,3.25,15.3,50,75.4,Forest Cover (%),196,5,23.38,89.6,118.1,41.7,32.5,19.9,High,4.7,0.76,161,58.5,397.6,129824,78.1,Yes
10/5/2024,252.52,Clayey,3.37,33.8,20,76.1,Forest Cover (%),181,5,21.82,75,117.8,42.5,33.9,19.7,High,3.4,0.5,235,52.1,380,128019,78.9,No
10/6/2024,256.01,Clayey,3.18,31.5,0,36.9,Forest Cover (%),157,4,16.58,63.4,88.1,43.8,34.7,19.2,Low,4.5,0.79,124,77.8,338.9,128195,74.8,Yes
10/7/2024,251.25,Alluvial,2.43,34.6,5,47.9,Forest Cover (%),155,4,23.02,85.6,101.8,40.4,31.6,18.7,Medium,4.2,0.61,172,53.4,353.8,121599,67.3,No
10/8/2024,251.97,Loamy,4.1,29.8,2,87.2,Forest Cover (%),186,5,18.75,64.4,101.9,42.1,31.6,16.2,Medium,4.9,0.72,244,58.5,399.5,122485,68.1,No
10/9/2024,255.66,Alluvial,4.75,23.2,0,65.9,Forest Cover (%),168,3,21.7,75.5,103.6,44.2,30.7,17.4,Medium,4.1,0.61,211,64.5,384.3,129261,79.9,Yes
10/10/2024,259.98,Clayey,3.18,8.7,5,30.4,Forest Cover (%),191,5,20.85,88.8,113.5,40.6,33.5,18.4,Medium,4.3,0.5,187,56.7,345.2,126214,67.6,Yes
10/11/2024,258.47,Clayey,2.86,13.1,20,84.1,Forest Cover (%),186,4,22.95,76.6,86.4,44.7,32,16.6,High,4,0.73,179,75.3,304.3,126663,84.1,Yes
10/12/2024,250.99,Loamy,4.79,28.7,5,39.7,Forest Cover (%),153,3,19.12,78.2,86,41.8,34,19.4,High,4.3,0.66,189,63.5,353.7,121605,84.2,No
10/13/2024,255.46,Sandy,4.04,10.4,1,88,Forest Cover (%),193,3,17.84,62.2,119.7,40.5,32.4,15.3,High,3.3,0.59,238,74.6,349.1,126838,74.6,Yes
10/14/2024,255.81,Loamy,4.44,19.3,10,51,Forest Cover (%),171,5,20.05,67.7,86.1,42.6,31.4,15.7,Medium,3.1,0.79,197,73.1,364.4,122195,72.2,No
10/15/2024,256.03,Alluvial,4.78,27.1,50,65.1,Forest Cover (%),191,4,20.91,77.3,115.4,43.1,32.5,19.2,Medium,3.8,0.74,219,70,387,127951,70.2,No
10/16/2024,252.33,Loamy,2.29,35.1,0,46.6,Forest Cover (%),184,5,24.17,74.1,111.3,42.4,33.8,17.1,Medium,3.5,0.74,165,70.1,371.6,121237,74.8,Yes
10/17/2024,259.69,Clayey,3.72,17.6,5,63.9,Forest Cover (%),191,3,16.2,73.7,97.3,44,33.4,19.2,High,4,0.52,143,50.8,330.8,124558,73.7,No
10/18/2024,256.88,Sandy,3.85,34.4,0,35.8,Forest Cover (%),165,4,23.79,87.4,94.1,41.2,30.7,17.7,Medium,3.8,0.74,122,68.4,360.6,123122,84.4,No
10/19/2024,252.89,Alluvial,2.19,19.2,1,76.8,Forest Cover (%),193,4,19.7,86,80.5,40.6,33.5,16.3,High,4,0.57,161,60.2,345.4,122168,81.1,No
10/20/2024,252.65,Sandy,3.39,32.3,2,89.2,Forest Cover (%),190,3,15.6,68.6,105.6,44.8,31.4,16.3,High,3.1,0.68,217,79.5,331.2,122866,67,No
10/21/2024,252.62,Clayey,4.86,14.1,10,61.3,Forest Cover (%),175,3,20.5,79.1,85.7,43.2,34.1,16.3,Medium,4.8,0.8,167,67.7,362.8,124627,65.6,Yes
10/22/2024,250.97,Clayey,4.23,25.9,5,80.4,Forest Cover (%),150,3,18.74,82.8,96.2,41.4,34.8,17.4,Medium,3.1,0.67,162,68.5,394.6,128970,82.5,Yes
10/23/2024,258.78,Sandy,4.29,36.1,5,53.7,Forest Cover (%),198,4,24.36,79.4,106,40.4,33.5,18.4,Low,3.7,0.62,206,77.3,366.7,128580,68.4,No
10/24/2024,250.84,Clayey,4.14,32.2,2,71.1,Forest Cover (%),154,3,16.65,75.7,83.1,44.6,33.4,17,Medium,4.5,0.75,243,55.3,387.2,125561,81.8,Yes
10/25/2024,258.68,Alluvial,3.89,16.7,20,67.3,Forest Cover (%),168,5,18.34,84.5,93.6,44.9,34.2,16.9,Low,3.9,0.68,176,63.1,314.9,120589,83.1,No
10/26/2024,255.56,Loamy,3.58,8.9,1,65.5,Forest Cover (%),160,3,23.27,73.7,106.1,41.7,34,15.9,Medium,3.7,0.78,175,59.4,317.3,121910,81,Yes
10/27/2024,253.09,Sandy,3.74,21.5,0,66.8,Forest Cover (%),181,5,24.49,63.1,93.1,40.6,33.5,17.2,Low,4.6,0.58,243,55.5,307.2,127315,74.7,No
10/28/2024,259.93,Loamy,3.25,37.1,10,67.6,Forest Cover (%),163,4,18.8,85,88.9,42.8,35,19.3,Medium,4.1,0.71,169,54.9,373.6,125607,66.3,Yes
10/29/2024,256.17,Loamy,2.49,38,0,61.7,Forest Cover (%),191,5,20.66,80.1,86.5,44.9,34.6,15.8,High,4.1,0.53,104,78,357,126212,81.4,Yes
10/30/2024,254.42,Clayey,3.15,26.1,50,74.4,Forest Cover (%),197,3,16.59,87.6,88.9,40.9,34.7,15.9,High,4.6,0.77,158,56.1,303,126853,71.8,Yes
10/31/2024,256.03,Clayey,2.02,26.8,0,88.8,Forest Cover (%),186,3,21.9,64.1,111,44.4,31.5,15.2,High,4.6,0.57,237,61.6,369.1,122711,83.2,No
11/1/2024,252.03,Loamy,3.28,23.6,1,61.9,Forest Cover (%),169,5,23.19,72.1,89.5,41.1,32.9,18.5,Low,4.2,0.51,175,51,360.5,129393,81,No
11/2/2024,250.27,Clayey,3.54,13.2,0,78.5,Forest Cover (%),171,4,19.21,70.2,117.3,40.3,31.6,19.5,High,4.2,0.57,234,55.1,354.8,124097,75.9,No
11/3/2024,252.84,Clayey,4.86,32.1,2,34.7,Forest Cover (%),189,3,19,80.2,101.6,41.5,31.7,18.2,Medium,5,0.74,215,71.6,341.6,125982,76.1,Yes
11/4/2024,255.06,Loamy,3.61,31.6,0,46.6,Forest Cover (%),174,5,20.69,81.7,113.9,42.1,32.2,20,Medium,4.7,0.66,113,66.5,356.8,121006,83.6,Yes
11/5/2024,257.38,Alluvial,4.07,23.5,2,81.8,Forest Cover (%),167,5,20.14,89.4,100.9,41.8,30.7,17.2,Low,4.1,0.54,174,57.8,382.5,121699,82.8,Yes
11/6/2024,252.35,Sandy,3.75,33.6,20,76.3,Forest Cover (%),196,4,17.2,62.7,87,40.4,34.8,17.2,High,3.7,0.52,149,71.3,360.8,122122,68.4,No
11/7/2024,259.86,Clayey,4.67,15,1,72.6,Forest Cover (%),191,4,19.36,70,103.3,43,32.4,15.4,Medium,4.6,0.64,180,56.1,358.5,120945,69.4,No
11/8/2024,250.19,Clayey,4.65,14.3,0,36.8,Forest Cover (%),184,3,24.52,64.2,98.2,43.9,31.9,19.2,Low,3.1,0.62,209,76.1,332.8,127941,72.5,Yes
11/9/2024,258.17,Alluvial,3.39,29.8,2,57.1,Forest Cover (%),188,4,17.01,61.8,100.3,40.7,34.9,16.9,Medium,4.8,0.56,184,67.1,369.7,122810,81.1,No
11/10/2024,259.78,Sandy,4.32,20.7,5,71.9,Forest Cover (%),192,3,22.15,78.7,103.8,44,31.8,16.3,Low,4,0.68,232,72.6,353.4,122482,78.6,Yes
11/11/2024,257.78,Loamy,2.23,38.6,10,37.5,Forest Cover (%),167,3,17.82,82.2,84.2,42.3,34,17.5,Medium,3.8,0.64,239,73.5,335.2,121057,72.2,Yes
11/12/2024,252.67,Sandy,4.04,17.5,1,68.4,Forest Cover (%),194,3,20.44,72.5,107,40.7,31.4,19.5,High,3.6,0.52,103,72.2,314.9,127011,74.3,No
11/13/2024,252.25,Clayey,4.48,8.6,10,53.4,Forest Cover (%),157,5,18.21,63.2,118.1,44.2,32.7,16.9,Low,3,0.66,211,77.1,301,120901,79.7,Yes
11/14/2024,259.18,Clayey,2.06,40.4,50,79.2,Forest Cover (%),161,3,19.84,81.7,105.4,41.4,32.5,16.9,Low,5,0.79,162,68.1,368.9,124235,67.4,No
11/15/2024,254.89,Clayey,3.01,21.5,10,87.7,Forest Cover (%),153,4,24.55,61.5,89.8,44.3,34.8,17.2,Low,3.7,0.53,207,53.7,388.4,128517,69.1,Yes
11/16/2024,252.38,Clayey,3.4,40.2,0,46.6,Forest Cover (%),187,4,23.58,79.4,109.1,41.2,32.3,15.6,High,4.2,0.77,209,63.4,303,120289,80.6,No
11/17/2024,259.74,Alluvial,3.47,25.5,20,36.2,Forest Cover (%),171,4,15.62,61.7,95.2,43,34.8,17.4,High,3.8,0.8,154,77.4,348.4,120623,75.5,Yes
11/18/2024,255.11,Alluvial,2.96,31.6,5,34.6,Forest Cover (%),168,3,16.42,60.1,105.2,44.2,33.5,19.4,High,4.3,0.71,137,60.1,320.1,125700,65.9,No
11/19/2024,256.91,Loamy,4.15,20.7,1,57.9,Forest Cover (%),195,4,24.79,68.6,80.7,40.2,32.5,17.1,Low,3.2,0.77,167,76.4,381.1,127037,74.2,No
11/20/2024,250.38,Clayey,4.69,32.6,0,74.5,Forest Cover (%),164,5,21.23,85.8,94.8,43.9,33.8,17.3,Medium,3.9,0.66,246,59.1,337.1,125233,78.6,No
11/21/2024,257.37,Alluvial,3.63,41.5,10,76.8,Forest Cover (%),189,4,16.87,85.7,116.9,45,34.5,17.7,Medium,3.6,0.58,221,74.1,367.9,127853,71.2,No
11/22/2024,253.15,Alluvial,3.66,38.4,2,61.3,Forest Cover (%),165,3,16.72,88.6,80.8,43.9,32.4,15.2,Medium,3.3,0.75,189,52.8,314.1,121485,69.6,Yes
11/23/2024,253.31,Sandy,4.27,38.3,20,61.1,Forest Cover (%),195,5,24.05,86.2,95.9,42.5,33.7,19.1,Low,3.6,0.64,219,58.3,307.1,129749,82,Yes
11/24/2024,251.83,Clayey,4.51,18.5,10,78.6,Forest Cover (%),183,3,16.7,80.9,106.8,41.8,33.7,19.4,Low,3.7,0.51,150,70.5,311.6,128341,84.2,Yes
11/25/2024,252.15,Loamy,4.56,21.5,5,50.9,Forest Cover (%),165,3,17.69,69,116.9,44.9,34.2,15.9,High,3.1,0.63,114,63.9,311.3,122398,74.6,No
11/26/2024,259.37,Loamy,3,11.2,0,55.3,Forest Cover (%),166,3,16.89,86.8,119.4,42.4,30.3,15.6,High,3.2,0.8,136,76.4,392.1,121975,73.7,Yes
11/27/2024,257.84,Sandy,2.31,31,50,84.5,Forest Cover (%),174,3,23.08,75.5,88.8,42.3,33.9,15.1,Low,3.8,0.67,177,76.8,364.5,129939,73.8,No
11/28/2024,255.97,Alluvial,4.27,23.7,10,31.4,Forest Cover (%),168,3,21.64,80.8,87.5,41,33.5,15.2,Medium,4.8,0.57,214,51.3,389.3,123901,82.8,Yes
11/29/2024,250.15,Clayey,3.88,40.1,0,85.6,Forest Cover (%),196,4,20.14,65.1,82.6,41.7,34.4,16.2,High,4.8,0.71,154,79.9,378.2,122451,75.2,No
11/30/2024,251.29,Clayey,3.25,24.8,2,48.2,Forest Cover (%),153,3,19.93,81,117.9,43.6,33.3,16.6,Low,4.9,0.58,172,73.4,386.9,121440,69.9,No
12/1/2024,251.62,Loamy,2.55,16.5,2,86.8,Forest Cover (%),179,4,17.16,75.4,82.5,42.3,32.8,20,Low,3.4,0.58,219,55,396.9,123172,70.6,No
12/2/2024,254.43,Alluvial,2.55,24.1,0,81.6,Forest Cover (%),187,3,24.93,74.6,114.2,41.6,34.3,18.7,Low,4.8,0.55,117,61.4,328.1,124131,66.5,Yes
12/3/2024,251.93,Alluvial,4.66,9,5,88.6,Forest Cover (%),182,3,16.87,78.4,95.4,44.8,32.9,15.5,High,3.3,0.55,195,71.5,355.6,123811,70.5,Yes
12/4/2024,256.93,Sandy,2.56,16.1,20,40.6,Forest Cover (%),150,3,22.39,78.4,97.5,40.9,34.4,19,Medium,4.3,0.73,208,52.5,350.5,125114,71,Yes
12/5/2024,255.59,Sandy,3.53,32.2,10,47.9,Forest Cover (%),198,4,20.87,74.7,97.4,44.6,34.4,17.6,High,4.9,0.54,148,64.8,332.6,129029,79.5,Yes
12/6/2024,255.87,Loamy,3.59,23.7,0,36.8,Forest Cover (%),155,4,15.29,80.7,115.9,40.9,34.8,18.5,Medium,4.9,0.6,229,55.4,301.9,121063,71.4,No
12/7/2024,257.74,Clayey,4.59,24.4,20,86.6,Forest Cover (%),180,4,22.89,89.9,99.5,43.6,33.6,16.5,High,3.5,0.72,154,53.5,338.6,129997,83.4,No
12/8/2024,259.85,Alluvial,3.89,22.6,0,46.1,Forest Cover (%),188,4,22.65,82.7,117.6,41.9,30.2,16.5,Medium,4,0.52,101,73.5,311.5,121882,76.9,Yes
12/9/2024,258.82,Loamy,3.2,26.1,2,67.3,Forest Cover (%),192,3,15.81,83.7,102.9,43.3,32.1,16.6,High,3.9,0.52,118,73.2,352.1,128429,78.8,Yes
12/10/2024,250.03,Sandy,2.55,30.9,2,79.2,Forest Cover (%),195,5,16.07,75.9,110.4,44.8,33.7,18.1,High,3.7,0.78,111,53.4,394.1,121730,69.1,Yes
12/11/2024,252.4,Loamy,4.88,39.8,0,78.6,Forest Cover (%),172,5,19.14,86.9,108.2,43.9,32,17.5,Low,3.1,0.66,171,50.7,300.6,123523,77.6,Yes
12/12/2024,252.72,Alluvial,4.03,29.5,0,50.3,Forest Cover (%),189,4,21.22,68.2,80.2,43.3,30.4,18.9,High,4.9,0.52,131,76.3,361.1,124650,65.9,No
12/13/2024,258.68,Clayey,2.85,28.8,2,85.2,Forest Cover (%),199,4,23.61,89.5,92,42.1,33.3,17.3,Medium,4.5,0.51,247,54.8,325,126582,77.3,Yes
12/14/2024,257.37,Alluvial,3.24,18,20,69.9,Forest Cover (%),197,3,18.67,76.6,111.1,44.5,30.6,15.7,Medium,3.4,0.76,207,67,315.5,128775,65.8,No
12/15/2024,250.17,Loamy,3.14,32.1,50,67.5,Forest Cover (%),152,5,21.65,65.8,108.8,42.5,34.7,20,Medium,4.8,0.62,112,60.9,309.7,128514,80,Yes
12/16/2024,256.49,Loamy,2.68,24.2,0,58.7,Forest Cover (%),177,3,24.58,66.5,81.7,40.6,34.4,15.7,High,4.6,0.79,180,77.2,390.6,125750,66.5,No
12/17/2024,251.28,Loamy,4.94,11.9,10,31.9,Forest Cover (%),165,4,15.2,73.4,95.4,43.9,31.5,17.6,Low,3.5,0.55,239,66.6,337.1,127342,82.6,Yes
12/18/2024,250.3,Sandy,4.55,21.7,1,82.1,Forest Cover (%),168,3,24.73,64.1,82.3,42.9,31.4,16.3,Medium,3.7,0.55,152,62.3,306.1,129870,76,Yes
12/19/2024,259.5,Alluvial,2.54,18.6,1,30.8,Forest Cover (%),171,5,15.92,88.8,105.6,43.1,32.3,16.3,High,3.9,0.7,132,50.3,313.4,120274,73.5,Yes
12/20/2024,256.72,Alluvial,4.26,36.7,50,32.5,Forest Cover (%),199,3,24.71,84.7,116.4,43.4,32.1,16.6,Low,3.4,0.5,245,54,358,123976,82.4,Yes
12/21/2024,253.58,Alluvial,4.79,17.1,0,75.5,Forest Cover (%),171,5,19.44,74.9,99.5,42,30.1,15.1,High,3.1,0.74,142,56.1,312.1,124182,76.6,Yes
12/22/2024,252.51,Alluvial,2.6,29.1,0,56.3,Forest Cover (%),199,5,15.5,81.7,108.5,41.6,31.1,17.4,Medium,3.5,0.61,102,77.6,310.4,126391,68.6,Yes
12/23/2024,252.28,Sandy,4.41,40.4,0,88.3,Forest Cover (%),161,5,24.29,76,109,40.4,33.3,19.3,Medium,4,0.64,145,52.8,310.9,125876,75.1,No
12/24/2024,256.05,Alluvial,2.28,12.8,10,83,Forest Cover (%),183,3,18.6,75,106.4,42.3,33.5,16.4,High,3.3,0.66,221,50.9,382.1,120276,84.8,No
12/25/2024,257.09,Sandy,3.91,34.1,20,40.8,Forest Cover (%),159,3,16.48,85.8,118.6,43.2,33,17.4,Low,4.7,0.76,229,64.9,304.9,127606,70.9,Yes
12/26/2024,252.51,Loamy,2.39,14.7,50,41.6,Forest Cover (%),150,5,22.27,81.8,114.2,41.9,30.5,17.9,Medium,3.8,0.69,139,67.1,321.6,126588,68.5,No
12/27/2024,256.03,Clayey,2.79,19.4,20,46,Forest Cover (%),155,3,17.32,80.5,87.2,41.2,32,16.6,Low,4,0.58,198,60.3,397.9,129209,72.6,No
12/28/2024,252.28,Alluvial,4.18,39.8,0,86.1,Forest Cover (%),156,5,19.5,90,105.1,43.4,30.4,15.3,High,4,0.7,171,73.5,316.5,126879,82.5,Yes
12/29/2024,253.82,Loamy,2.12,21.1,0,80.9,Forest Cover (%),198,3,24.55,79.7,81.1,44,33.7,15.3,Medium,3.2,0.63,151,59.2,326,124629,71.4,No
12/30/2024,256.2,Alluvial,3.59,12.9,1,62.3,Forest Cover (%),175,5,15.05,87,81,43.1,31.6,17.1,Medium,3.1,0.61,223,68.1,333.8,122069,76,No
12/31/2024,257.06,Clayey,2.81,22.7,20,70.4,Forest Cover (%),179,4,16.98,66,98.5,42.9,33,19.6,Low,3.9,0.63,144,69.7,312.9,125518,67,No
